{
  "0": {
    "precision": 0.949438202247191,
    "recall": 1.0,
    "f1-score": 0.9740634005763689,
    "support": 169.0
  },
  "1": {
    "precision": 0.0,
    "recall": 0.0,
    "f1-score": 0.0,
    "support": 9.0
  },
  "accuracy": 0.949438202247191,
  "macro avg": {
    "precision": 0.4747191011235955,
    "recall": 0.5,
    "f1-score": 0.48703170028818443,
    "support": 178.0
  },
  "weighted avg": {
    "precision": 0.901432899886378,
    "recall": 0.949438202247191,
    "f1-score": 0.9248130039180131,
    "support": 178.0
  }
}