{
  "MAE": 7.695767790262172,
  "RMSE": 12.536608699241699
}